-- phpMyAdmin SQL Dump
-- version 5.2.1
-- https://www.phpmyadmin.net/
--
-- Host: 35.221.247.134
-- Generation Time: May 21, 2024 at 02:50 AM
-- Server version: 8.0.31-google
-- PHP Version: 8.2.12

SET SQL_MODE = "NO_AUTO_VALUE_ON_ZERO";
START TRANSACTION;
SET time_zone = "+00:00";


/*!40101 SET @OLD_CHARACTER_SET_CLIENT=@@CHARACTER_SET_CLIENT */;
/*!40101 SET @OLD_CHARACTER_SET_RESULTS=@@CHARACTER_SET_RESULTS */;
/*!40101 SET @OLD_COLLATION_CONNECTION=@@COLLATION_CONNECTION */;
/*!40101 SET NAMES utf8mb4 */;

--
-- Database: `vigantzjiraedition`
--

-- --------------------------------------------------------

--
-- Table structure for table `tbldepartment`
--

CREATE TABLE `tbldepartment` (
  `department_id` int NOT NULL,
  `department` varchar(45) COLLATE utf8mb4_general_ci NOT NULL
) ENGINE=InnoDB DEFAULT CHARSET=utf8mb4 COLLATE=utf8mb4_general_ci;

--
-- Dumping data for table `tbldepartment`
--

INSERT INTO `tbldepartment` (`department_id`, `department`) VALUES
(1, 'President'),
(2, 'Operation Manager'),
(3, 'Accounting'),
(4, 'IT'),
(5, 'Underwriting'),
(6, 'Team Leader'),
(7, 'Supervisor'),
(8, 'Marketing'),
(9, 'Human Resources'),
(10, 'Antz Sales'),
(11, 'Customer Service'),
(12, 'Claims'),
(13, 'Messenger'),
(14, 'Sales'),
(15, 'Inbound');

-- --------------------------------------------------------

--
-- Table structure for table `tblemployee`
--

CREATE TABLE `tblemployee` (
  `employee_id` int NOT NULL,
  `employee_name` varchar(100) COLLATE utf8mb4_general_ci NOT NULL,
  `employee_nickname` varchar(45) COLLATE utf8mb4_general_ci NOT NULL,
  `employee_email` varchar(100) COLLATE utf8mb4_general_ci NOT NULL,
  `employee_number` text COLLATE utf8mb4_general_ci NOT NULL,
  `employee_password` varchar(100) COLLATE utf8mb4_general_ci NOT NULL,
  `department_id` int NOT NULL,
  `userlevel_id` int NOT NULL
) ENGINE=InnoDB DEFAULT CHARSET=utf8mb4 COLLATE=utf8mb4_general_ci;

--
-- Dumping data for table `tblemployee`
--

INSERT INTO `tblemployee` (`employee_id`, `employee_name`, `employee_nickname`, `employee_email`, `employee_number`, `employee_password`, `department_id`, `userlevel_id`) VALUES
(1, 'Yarlie Lim', 'Yarlie', 'yarlielim@gmail.com', '09178986504', '@Antz120800', 1, 1),
(2, 'Romy Celestino', 'ROMS', 'romsvigattin@gmail.com', '09161792538', 'paparomysecret090493', 8, 3),
(3, 'Jayson', 'Jayson', 'recruitment@antz-insurance.com', '09777596624', 'Admin', 9, 1),
(5, 'Arvin Buenviaje', 'Arvin', 'arvin.vigattininsurance@gmail.com', '09568648440', 'Chaymi17.', 8, 3),
(6, 'Mylene PIimentel Genson', 'Mylene', 'mgenson.antzinsurance@gmail.com', '09276381368', 'Maison@102771', 5, 3),
(7, 'CHRISTINE ANNE GUPIT', 'TIN', 'arbuesanne@gmail.com', '09199773854', 'TINTIN', 3, 3),
(11, 'Theresa Galvez', 'Tere', 'theresalyn.vigattin@gmail.com', '09953635661', '@cce$$0n!', 8, 3),
(12, 'Jerome Tayco', 'Jerome', 'taycojerome.vigattin@gmail.com', '09161792545', 'AllisonClaire', 7, 3),
(15, 'Jhon Paul Doctolero', 'Pola', 'pauldoctolero.vigattininsurance@gmail.com', '09194712718', 'Jaypee0011', 4, 1),
(16, 'JADE DOCTOLERO GARIN', 'jhadee', 'jade.vigattininsurance@gmail.com', '09092837361', 'Edjayjade18', 15, 3),
(19, 'Mariel Amarga Obod', 'Yeye', 'mariel.vigattin123@gmail.com', '09092355253', 'marielobod', 11, 3),
(20, 'Axel Amparo', 'Axel', 'lexaamparo29@gmail.com', '9673680206', '012316', 3, 3),
(21, 'Irene Legaspi', 'Irene', 'irenelegaspi934@gmail.com', '09203852046', 'Five10', 3, 3),
(22, 'Nina Rica Manzano', 'Nina', 'nina.vigattin@gmail.com', '09456329289', 'Vigattin27', 8, 3),
(23, 'Carlo Jeff Gaspar', 'Carlo', 'cjalbagaspar@gmail.com', '09360479648', 'carlopogi123!', 4, 3),
(27, 'JANE MARIE ', 'JANE ', 'jmd_nuqui@yahoo.com', '09175335444', 'janesexy', 10, 3),
(28, 'SHARMAINE HAYAG', 'SHARMINE', 'Sharmainehayag1@gmail.com', '09358441964', '01131971', 3, 3),
(30, 'ROSENIE B. ESCULTOR', 'JHAM', 'escultorrosenieb@gmail.com', '09517554362', 'ZHENIE01', 3, 3),
(31, 'Noel Bibe', 'Noel', 'noel.vigattin@gmail.com', '09507859780', 'vigattin', 6, 3),
(34, 'Jennelyn V. Arbues', 'Jen', 'jarbues.antzinsurance@gmail.com', '09054264833', 'jarbues', 5, 3),
(38, 'Roxanne Shane', 'Roxanne', 'roxannevigattininsurance@gmail.com', '09162888236', 'roxanneshane02', 6, 3),
(39, 'SANTE R. SERRANO', 'TENG', 'SANTY.VIGATTININSURANCE@GMAIL.COM', '09065323158', 'Santy1997', 6, 3),
(40, 'Haydee Lomocso', 'Chay', 'chay.antzinsurance@gmail.com', '09488399113', 'admin', 5, 3),
(41, 'Angelo Mamaril', 'Gelo', 'angelomamarilvigattin@gmail.com', '09238206059', 'Keycie121819!!!', 6, 3),
(42, 'Renalyn Lucero Dalupan', 'Rhen ', 'claims@antz-insurance.com', '09952128791', 'create.20204', 12, 3),
(44, 'SOFIA DEMAIN', 'Pia', 'piavigattin@gmail.com', '09198677148', '09198677148', 12, 3),
(45, 'Solfeo Peninoy', 'Sol', 'solfeo.vigattin@gmail.com', '09707794756', 'begiboy13', 7, 3),
(46, 'RIFIA M. RAMOS', 'FIA', 'fiaramos.vigattin@gmail.com', '09691306408', 'MamaPrecy15.', 6, 3),
(50, 'JASMIN DIANA B. JOSUE', 'JAJA', 'antzjasminjosue@gmail.com', '09164403841', 'jasmine', 5, 3),
(54, 'Maria Tessa Sandiongco', 'Tessa', 'mariatess63@yahoo.com', '09175500823', 'amethyst', 3, 3),
(55, 'Omar Rian Belen', 'Omar', 'hr.antzinsurance@gmail.com', '09978935035', 'Ang mga ibon24', 9, 1),
(58, 'daryl', 'daryl', 'daryl.vigattininsurance@gmail.com', '09283305276', '123', 4, 3),
(63, 'Omar Belen', 'Omar', 'recruitment@vigattininsurance.com', '09123456789', 'admin', 9, 3),
(64, 'Jayson Dailisan', 'Jayson', 'jaysondailisan03@gmail.com', '09123456789', 'admin', 9, 3);

-- --------------------------------------------------------

--
-- Table structure for table `tbljob`
--

CREATE TABLE `tbljob` (
  `job_id` int NOT NULL,
  `department_id` int NOT NULL,
  `job` varchar(255) COLLATE utf8mb4_general_ci NOT NULL
) ENGINE=InnoDB DEFAULT CHARSET=utf8mb4 COLLATE=utf8mb4_general_ci;

--
-- Dumping data for table `tbljob`
--

INSERT INTO `tbljob` (`job_id`, `department_id`, `job`) VALUES
(1, 4, 'Fix Computer'),
(2, 4, 'Dealer Gross Tax Remittance'),
(3, 4, 'Install Operating System'),
(5, 4, 'Agent monthly SOA'),
(6, 4, 'Embed MOA to Antz System'),
(7, 4, 'System Update'),
(8, 4, 'Return Package'),
(9, 4, 'Install Printer'),
(10, 11, 'Processing the J&T delivery'),
(11, 4, 'Checking email in support@vigattininsurance.com'),
(12, 4, 'Sending renewals email blast and text blast'),
(13, 11, 'Create waybill for j&t and Order management'),
(14, 11, 'Print waybill and packing j&t'),
(15, 4, 'Antz AO view and tag sub agent quote'),
(16, 4, 'Writing Queing'),
(17, 4, 'Antz Writing Renewal'),
(18, 4, 'Set up Computer'),
(19, 4, 'Pick up Computer items'),
(20, 4, 'Quickbooks Automation of Data'),
(21, 8, 'Celebration UwU'),
(22, 4, 'Sell Computer Scrap'),
(23, 4, 'Debugging '),
(24, 4, 'Fix Bug'),
(26, 8, 'Live Q&A'),
(27, 4, 'backlog accounting'),
(28, 3, 'Snack'),
(29, 4, 'Paid ads report'),
(30, 8, 'Social Media Accounts'),
(31, 4, 'ASC PAYMENT'),
(33, 9, 'Timekeeping'),
(34, 9, 'Meeting'),
(35, 9, 'Meeting Sales Department'),
(36, 4, 'Grocery'),
(39, 4, 'Website SEO'),
(40, 4, 'Fire Insurance'),
(41, 4, 'ASC PROCESSING'),
(42, 8, 'Content Creation'),
(43, 4, 'Fix Printer'),
(44, 8, 'Marketing Collaterals'),
(46, 4, 'Manual System Fix'),
(51, 9, 'Encode '),
(54, 9, 'Recruitment'),
(55, 9, 'Training'),
(56, 9, 'Timekeeping'),
(57, 9, 'Government Contribution'),
(58, 9, 'Payroll'),
(59, 9, 'Employee Relation'),
(60, 9, 'Employee Engagement'),
(62, 8, 'Meeting/Discussion'),
(63, 8, 'Social Media Monitoring'),
(64, 8, 'Website Monitoring'),
(65, 0, ''),
(66, 8, 'Memo creation'),
(67, 4, 'Internet Connection'),
(68, 4, 'ADMIN PANEL FOR TRADE PARTNERSHIP'),
(69, 4, 'Ticket Additional Info'),
(71, 4, 'Update Jirattin'),
(72, 8, 'Social Media Posting'),
(73, 4, 'Buying new Computers'),
(74, 4, 'Fixing Error'),
(75, 4, 'Fix connection scanner');

-- --------------------------------------------------------

--
-- Table structure for table `tblsub_job`
--

CREATE TABLE `tblsub_job` (
  `subjob_id` int NOT NULL,
  `subjob` varchar(255) COLLATE utf8mb4_general_ci NOT NULL
) ENGINE=InnoDB DEFAULT CHARSET=utf8mb4 COLLATE=utf8mb4_general_ci;

--
-- Dumping data for table `tblsub_job`
--

INSERT INTO `tblsub_job` (`subjob_id`, `subjob`) VALUES
(1, 'Reformat'),
(2, 'Connect all underwriting in printer'),
(3, 'While answering the concern of clients'),
(4, 'and also answering telephone calls'),
(5, 'Install Drivers (Audio, Internal Ports)'),
(6, 'REMOVAL INSURANCE PROVIDER FOR TNVS.'),
(7, 'debugging '),
(8, 'for Joed Para Cruz and Rodolfo Aurelio'),
(9, 'For Agent Maricarl de Jesus'),
(10, 'For Agent Robina and Team '),
(11, 'Learn controls OBS for Live'),
(12, ''),
(13, ''),
(14, ''),
(15, 'System Update');

-- --------------------------------------------------------

--
-- Table structure for table `tblticket`
--

CREATE TABLE `tblticket` (
  `ticket_id` int NOT NULL,
  `ticketstatus_id` int NOT NULL,
  `job_id` int NOT NULL,
  `subjob_id` int NOT NULL,
  `task` varchar(255) COLLATE utf8mb4_general_ci NOT NULL,
  `note` varchar(45) COLLATE utf8mb4_general_ci NOT NULL,
  `assign_id` int NOT NULL COMMENT 'tblemployee.employee_id',
  `employee_id` int NOT NULL,
  `date_created` datetime DEFAULT NULL,
  `lastmodified` int NOT NULL,
  `date_accepted` datetime NOT NULL,
  `duration_start` datetime NOT NULL,
  `duration_end` datetime NOT NULL,
  `deadline_start` datetime NOT NULL,
  `deadline_end` datetime NOT NULL
) ENGINE=InnoDB DEFAULT CHARSET=utf8mb4 COLLATE=utf8mb4_general_ci;

--
-- Dumping data for table `tblticket`
--

INSERT INTO `tblticket` (`ticket_id`, `ticketstatus_id`, `job_id`, `subjob_id`, `task`, `note`, `assign_id`, `employee_id`, `date_created`, `lastmodified`, `date_accepted`, `duration_start`, `duration_end`, `deadline_start`, `deadline_end`) VALUES
(1, 4, 1, 1, 'Fix computer of OJT Hr ', '', 15, 15, '2024-03-18 14:57:39', 0, '0000-00-00 00:00:00', '2024-03-18 10:00:30', '2024-03-18 14:59:26', '2024-03-18 22:00:59', '2024-03-18 12:00:00'),
(2, 4, 2, 0, 'Create script to update dealer backlog markup', '', 23, 23, '2024-03-18 14:59:14', 0, '0000-00-00 00:00:00', '2024-03-18 16:18:51', '2024-04-02 10:08:09', '2024-03-18 14:55:59', '2024-03-18 19:00:00'),
(3, 4, 1, 1, 'Change computer of HR Assistant', '', 15, 15, '2024-03-18 15:00:04', 0, '0000-00-00 00:00:00', '2024-03-18 15:04:51', '2024-03-18 15:05:04', '2024-03-18 14:59:28', '2024-03-18 16:59:28'),
(4, 4, 3, 1, 'Change windows 10 to Linux ubuntu', '', 15, 15, '2024-03-18 15:01:24', 0, '0000-00-00 00:00:00', '2024-03-18 15:02:05', '2024-03-18 15:02:51', '2024-03-18 15:00:47', '2024-03-18 17:00:46'),
(5, 4, 4, 1, 'Fix error of jirattin edit undefined', '', 15, 15, '2024-03-18 15:06:25', 0, '0000-00-00 00:00:00', '2024-03-18 15:08:16', '2024-03-18 16:47:50', '2024-03-18 15:05:06', '2024-03-18 17:05:06'),
(6, 4, 3, 1, 'Change windows 10 to Linux ubuntu', '', 15, 15, '2024-03-18 15:17:33', 0, '0000-00-00 00:00:00', '2024-03-18 16:01:32', '2024-03-18 16:47:59', '2024-03-18 15:10:52', '2024-03-18 17:10:52'),
(7, 5, 5, 0, 'send SOA to Antz agents', '', 23, 23, '2024-03-18 15:59:18', 0, '2024-05-06 15:36:51', '0000-00-00 00:00:00', '0000-00-00 00:00:00', '2024-03-16 15:57:17', '2024-04-02 18:00:16'),
(11, 3, 6, 0, 'generate MOA using system', '', 23, 23, '2024-03-18 18:40:06', 0, '2024-04-03 14:08:43', '2024-04-03 14:19:00', '0000-00-00 00:00:00', '2024-03-18 18:38:14', '2024-03-18 20:38:13'),
(12, 4, 4, 0, 'Fix error of jirattin email message', '', 15, 15, '2024-03-19 13:35:00', 0, '0000-00-00 00:00:00', '2024-03-19 13:42:43', '2024-03-19 15:05:58', '2024-03-19 13:34:26', '2024-03-19 15:34:26'),
(13, 4, 4, 0, 'Fixing bug of button status in ticketlist and myassign', '', 15, 15, '2024-03-20 09:34:19', 0, '0000-00-00 00:00:00', '2024-03-20 09:35:05', '2024-03-20 10:20:57', '2024-03-20 09:33:36', '2024-03-20 00:33:36'),
(15, 4, 7, 0, 'QUOTATION FOR ELECTRIC RATE', '', 31, 23, '2024-03-20 11:06:29', 0, '0000-00-00 00:00:00', '2024-03-20 15:19:53', '2024-04-02 10:09:21', '2024-03-20 11:02:48', '2024-03-20 13:02:48'),
(16, 1, 71, 0, 'sort by ticket my modfied per tab', '', 31, 15, '2024-03-20 11:07:54', 0, '2024-05-16 19:03:51', '0000-00-00 00:00:00', '0000-00-00 00:00:00', '2024-05-16 18:55:52', '2024-05-16 20:55:52'),
(20, 4, 4, 0, 'Fix Accepted time to accurate the time of ticket from open to ToDo', '', 15, 15, '2024-03-20 13:43:53', 0, '0000-00-00 00:00:00', '2024-03-20 16:11:23', '2024-03-20 16:12:17', '2024-03-20 13:38:37', '2024-03-20 16:00:00'),
(25, 4, 4, 0, 'Fix the ticket when Edit', '', 15, 15, '2024-03-20 14:31:01', 0, '0000-00-00 00:00:00', '2024-03-20 16:08:35', '2024-03-20 16:10:42', '2024-03-20 14:30:40', '2024-03-20 16:30:39'),
(26, 4, 7, 0, 'Add button status Waiting', '', 15, 15, '2024-03-20 15:53:31', 0, '2024-03-20 16:07:11', '2024-03-20 16:07:11', '2024-03-20 16:12:57', '2024-03-20 15:52:35', '2024-03-20 17:00:35'),
(30, 4, 7, 0, 'Fixing the display of Accomplishments', '', 15, 15, '2024-03-21 13:54:35', 0, '2024-03-21 16:22:30', '2024-03-21 16:22:37', '2024-03-21 16:22:41', '2024-03-21 13:54:17', '2024-03-21 15:54:16'),
(31, 4, 8, 0, 'Return monitor to charlie and pick up the ordered ram/ssds', '', 15, 15, '2024-03-21 14:09:01', 0, '2024-03-21 14:09:48', '2024-03-21 14:10:16', '2024-03-21 16:13:32', '2024-03-21 14:08:21', '2024-03-21 16:08:21'),
(32, 4, 4, 0, 'Fix error off status waiting ', '', 15, 15, '2024-03-22 08:45:01', 0, '2024-03-22 09:31:04', '2024-03-22 09:31:35', '2024-03-22 09:33:14', '2024-03-22 08:44:26', '2024-03-22 10:44:25'),
(33, 4, 7, 0, 'Add filter to display all done ticket of employee', '', 15, 15, '2024-03-25 08:58:58', 0, '2024-03-25 09:17:24', '2024-03-25 09:17:35', '2024-03-25 11:32:25', '2024-03-25 08:58:15', '2024-03-25 05:00:14'),
(38, 4, 4, 0, 'Error of sending email', '', 15, 15, '2024-03-25 16:16:12', 0, '2024-03-25 16:16:38', '2024-03-25 16:18:41', '2024-03-25 16:20:44', '2024-03-25 16:16:00', '2024-03-25 18:16:00'),
(39, 4, 7, 0, 'Sending Email as top not as a spam', '', 15, 15, '2024-03-25 16:21:16', 0, '2024-03-25 16:22:55', '2024-03-25 16:28:00', '2024-03-25 16:28:04', '2024-03-25 16:20:50', '2024-03-25 18:20:49'),
(41, 4, 9, 2, 'Change host printer from Mylene to sir Omar', '', 6, 15, '2024-03-26 09:02:03', 0, '2024-03-26 09:04:10', '2024-03-26 09:04:16', '2024-03-26 09:19:48', '2024-03-26 08:30:59', '2024-03-26 10:30:58'),
(43, 4, 7, 0, 'Change subject email', '', 15, 15, '2024-03-26 11:45:12', 0, '2024-03-26 14:13:39', '2024-03-26 16:00:41', '2024-03-26 16:01:04', '2024-03-26 11:44:56', '2024-03-26 13:44:55'),
(44, 4, 7, 0, 'Change the default page in Open not all', '', 15, 15, '2024-03-26 13:10:13', 0, '2024-03-26 14:13:39', '2024-03-26 16:02:02', '2024-03-26 16:02:11', '2024-03-26 13:09:39', '2024-03-26 15:09:39'),
(45, 2, 7, 0, 'ADDITIONAL ATTACHMENT FILE FOR ENDORSEMENT', '', 31, 31, '2024-03-26 13:23:32', 0, '2024-04-02 10:06:58', '0000-00-00 00:00:00', '0000-00-00 00:00:00', '2024-03-26 13:22:15', '2024-03-26 15:22:15'),
(46, 4, 11, 0, 'Checking email in support@vigattininsurance.com and inquiry', '', 19, 19, '2024-04-01 08:58:04', 0, '2024-04-01 09:37:41', '2024-04-01 09:56:56', '2024-04-01 10:07:13', '2024-04-01 09:55:16', '2024-04-01 10:56:16'),
(47, 4, 10, 0, 'Processing the J&T delivery', '', 19, 19, '2024-04-01 11:21:36', 0, '2024-04-01 11:22:01', '2024-04-01 08:10:46', '2024-04-01 09:37:53', '2024-04-01 08:10:46', '2024-04-01 10:10:46'),
(48, 4, 10, 0, 'Wrapping the policy of J&T pouch', '', 19, 19, '2024-04-01 11:26:52', 0, '2024-04-02 10:33:46', '2024-04-02 10:34:07', '2024-04-02 10:53:30', '2024-04-02 11:26:29', '2024-04-02 10:53:28'),
(49, 4, 4, 0, 'Change all document.click function', '', 15, 15, '2024-04-02 11:03:42', 0, '2024-04-02 11:24:45', '2024-04-02 11:24:51', '2024-04-02 14:24:53', '2024-04-02 11:03:17', '2024-04-02 13:03:16'),
(51, 4, 12, 0, 'Sending renewals to email blast and text blast', '', 19, 19, '2024-04-02 11:51:23', 0, '2024-04-02 11:51:32', '2024-04-02 11:51:38', '2024-04-02 11:54:18', '2024-04-02 11:28:20', '2024-04-02 23:33:20'),
(52, 4, 14, 0, 'Print waybill and packing j&t', '', 19, 19, '2024-04-03 08:45:10', 0, '2024-04-03 09:03:43', '2024-04-03 09:03:52', '2024-04-03 09:55:33', '2024-04-03 08:42:31', '2024-04-03 10:42:31'),
(53, 4, 11, 4, 'checking emails and answering inquiry of clients', '', 19, 19, '2024-04-03 09:59:45', 0, '2024-04-03 11:13:50', '2024-04-03 11:13:58', '2024-04-04 11:59:45', '2024-04-03 10:14:23', '2024-04-03 12:14:23'),
(54, 3, 7, 0, 'Fix the display of graph ticket in timeline by month ', '', 15, 15, '2024-04-03 11:06:26', 0, '2024-04-04 13:34:30', '2024-04-04 13:34:54', '0000-00-00 00:00:00', '2024-04-03 11:05:18', '2024-04-03 13:05:17'),
(55, 4, 15, 0, 'generate query to tag previously invited agent under AO', '', 23, 23, '2024-04-03 14:08:30', 0, '2024-04-03 14:08:43', '2024-04-03 14:08:43', '2024-04-12 18:11:41', '2024-04-03 14:04:37', '2024-04-03 16:04:36'),
(56, 2, 16, 0, 'alternate asignment to underwriting', '', 23, 23, '2024-04-03 14:16:09', 0, '2024-04-03 14:20:02', '0000-00-00 00:00:00', '0000-00-00 00:00:00', '2024-04-03 14:15:13', '2024-04-03 16:15:12'),
(57, 2, 16, 0, 'Panel to show Que number', '', 23, 23, '2024-04-03 14:17:13', 0, '2024-04-03 14:19:55', '0000-00-00 00:00:00', '0000-00-00 00:00:00', '2024-04-03 14:16:28', '2024-04-03 16:16:28'),
(58, 2, 16, 0, 'Show only to underwriting assigned writing', '', 23, 23, '2024-04-03 14:18:39', 0, '2024-04-03 14:19:48', '0000-00-00 00:00:00', '0000-00-00 00:00:00', '2024-04-03 14:17:26', '2024-04-03 16:17:26'),
(59, 2, 17, 0, 'Compute New Neto', '', 23, 23, '2024-04-04 10:08:06', 0, '2024-04-12 18:12:41', '0000-00-00 00:00:00', '0000-00-00 00:00:00', '2024-04-04 10:07:10', '2024-04-04 12:07:10'),
(60, 4, 7, 0, 'Auto tag writing to custom link owner', '', 23, 23, '2024-04-04 10:08:56', 0, '2024-04-12 15:38:48', '2024-04-12 15:39:05', '2024-04-12 18:11:02', '2024-04-12 15:36:59', '2024-04-12 17:36:59'),
(61, 4, 4, 0, 'Fix the filter of employee in timeline.php', '', 15, 15, '2024-04-04 10:04:36', 0, '2024-04-04 10:05:26', '2024-04-04 11:05:33', '2024-04-04 13:34:38', '2024-04-04 10:04:03', '2024-04-04 12:04:03'),
(63, 4, 18, 5, 'Help marketing to set up pc in meeting room', '', 11, 15, '2024-04-05 09:42:43', 0, '2024-04-05 11:44:25', '2024-04-05 10:46:04', '2024-04-05 10:46:15', '2024-04-05 09:00:13', '2024-04-05 11:00:13'),
(64, 4, 18, 0, 'Add computer for marketing OJT', '', 11, 15, '2024-04-05 10:30:20', 0, '2024-04-05 10:32:27', '2024-04-05 10:35:33', '2024-04-05 11:00:40', '2024-04-05 10:30:36', '2024-04-05 12:30:36'),
(65, 4, 7, 0, 'add mardy to inbound sales', '', 23, 23, '2024-04-12 15:39:43', 0, '2024-04-12 18:11:02', '2024-04-12 18:11:56', '2024-04-12 18:12:16', '2024-04-12 15:39:11', '2024-04-12 17:39:10'),
(66, 4, 19, 0, 'Pickup AVR in Gigabyte SM North', '', 15, 15, '2024-04-13 15:00:00', 0, '2024-04-13 15:05:00', '2024-04-13 15:10:00', '2024-04-13 16:20:49', '2024-04-13 15:00:00', '2024-04-13 17:00:26'),
(69, 3, 5, 0, 'Auto generate quotation for renewal', '', 23, 23, '2024-05-02 12:08:51', 0, '2024-05-02 12:09:12', '2024-05-02 12:09:12', '0000-00-00 00:00:00', '2024-05-02 12:07:46', '2024-05-02 14:07:46'),
(70, 3, 20, 0, 'Fill the required fields', '', 15, 15, '2024-05-02 13:08:22', 0, '2024-05-02 13:08:41', '2024-05-02 13:08:50', '0000-00-00 00:00:00', '2024-05-02 13:07:33', '2024-05-02 15:07:33'),
(71, 4, 22, 0, 'Sell computer parts/peripherals not working', '', 15, 15, '2024-05-04 08:53:00', 0, '2024-05-04 10:30:48', '2024-05-04 10:30:54', '2024-05-04 13:57:56', '2024-05-04 09:28:13', '2024-05-04 12:28:13'),
(72, 4, 1, 1, 'can not turn on no OS installed ', '', 46, 46, '2024-05-06 09:06:39', 0, '2024-05-06 09:11:12', '2024-05-06 09:12:03', '2024-05-06 09:45:41', '2024-05-06 09:05:33', '2024-05-06 11:05:33'),
(73, 4, 1, 0, 'Fix Computer ', '', 12, 12, '2024-05-06 09:07:45', 0, '2024-05-06 09:11:12', '2024-05-06 09:11:56', '2024-05-06 09:45:35', '2024-05-06 09:04:03', '2024-06-06 11:04:03'),
(74, 4, 7, 0, 'update monthly inbound ', '', 23, 23, '2024-05-06 09:54:51', 0, '2024-05-06 09:54:59', '2024-05-06 09:54:59', '2024-05-06 10:57:55', '2024-05-06 09:54:23', '2024-05-06 11:54:23'),
(75, 4, 23, 0, 'debugging ', '', 58, 58, '2024-05-06 10:04:38', 0, '0000-00-00 00:00:00', '0000-00-00 00:00:00', '2024-05-14 09:38:10', '2024-05-06 08:01:00', '2024-06-06 08:00:00'),
(76, 4, 24, 0, 'fix ma_inbound select same name with advance search ma_inbound', '', 23, 23, '2024-05-06 10:14:26', 0, '2024-05-06 10:14:41', '0000-00-00 00:00:00', '2024-05-06 10:14:55', '2024-05-06 10:13:16', '2024-05-06 12:13:16'),
(77, 4, 24, 0, 'fix edit user group type is not saving', '', 23, 23, '2024-05-06 10:18:34', 0, '2024-05-06 10:19:00', '2024-05-06 10:19:21', '2024-05-06 10:26:44', '2024-05-06 10:15:42', '2024-05-06 12:15:42'),
(78, 2, 25, 8, 'NO DATA BASE INFO', '', 46, 46, '2024-05-06 10:19:56', 0, '2024-05-06 15:47:42', '0000-00-00 00:00:00', '0000-00-00 00:00:00', '2024-05-06 09:05:33', '2024-05-06 11:05:33'),
(80, 4, 7, 0, 'Add session time to 8 hours in jirattin', '', 15, 15, '2024-05-07 10:47:28', 0, '2024-05-07 08:56:51', '2024-05-07 08:57:01', '2024-05-07 09:00:32', '2024-05-07 08:00:00', '2024-05-07 10:00:00'),
(81, 4, 7, 0, 'Sort the Job and Subjob alphabetically', '', 15, 15, '2024-05-06 10:57:01', 0, '2024-05-06 10:57:13', '2024-05-06 10:57:24', '2024-05-06 10:58:54', '2024-05-06 10:56:43', '2024-05-06 12:56:43'),
(82, 4, 18, 0, 'Set Up 2 monitors for Live Q&A', '', 5, 5, '2024-05-07 09:00:14', 0, '2024-05-08 11:46:29', '2024-05-08 11:47:59', '2024-05-09 08:29:04', '2024-05-07 09:00:14', '2024-05-07 11:00:14'),
(84, 4, 26, 0, 'Set Up Live Q&A equipment\'s and Studio', '', 5, 5, '2024-05-06 12:13:13', 0, '2024-05-08 11:46:29', '2024-05-08 11:48:09', '2024-05-09 08:28:51', '2024-05-07 21:12:15', '2024-05-07 21:12:15'),
(85, 4, 24, 0, 'filx followup not showing', '', 23, 23, '2024-05-06 13:02:31', 0, '2024-05-06 13:02:44', '0000-00-00 00:00:00', '2024-05-06 13:03:26', '2024-05-06 13:02:08', '2024-05-06 15:02:08'),
(87, 6, 7, 0, 'Ads monitoring', '', 23, 15, '2024-05-06 14:17:46', 0, '2024-05-15 16:23:00', '0000-00-00 00:00:00', '0000-00-00 00:00:00', '2024-05-06 14:17:26', '2024-05-06 16:17:26'),
(88, 4, 7, 0, 'Ads monitoring ', '', 23, 23, '2024-05-06 14:18:15', 0, '2024-05-06 14:18:27', '2024-05-06 14:18:42', '2024-05-06 14:20:30', '2024-05-06 14:17:53', '2024-05-06 16:17:53'),
(89, 1, 27, 0, 'enter all  cancelation date of canceled policy', '', 23, 20, '2024-05-06 14:46:49', 0, '2024-05-06 14:51:00', '0000-00-00 00:00:00', '0000-00-00 00:00:00', '2024-05-06 14:41:49', '2024-05-06 16:41:49'),
(91, 4, 24, 0, 'Fix view of waiting status and update', '', 15, 15, '2024-05-07 15:30:11', 0, '2024-05-07 15:34:57', '2024-05-07 15:35:04', '2024-05-07 08:33:39', '2024-05-07 10:00:48', '2024-05-07 12:00:48'),
(92, 4, 7, 0, 'Fix the time of session', '', 15, 15, '2024-05-06 15:36:05', 0, '2024-05-06 15:36:51', '2024-05-06 15:37:10', '2024-05-06 15:37:24', '2024-05-06 15:35:36', '2024-05-06 17:35:35'),
(93, 4, 7, 0, 'Add new status Abandoned and Declined', '', 15, 15, '2024-05-06 15:46:35', 0, '2024-05-06 15:46:41', '2024-05-06 15:47:11', '2024-05-06 15:55:11', '2024-05-06 15:46:14', '2024-05-06 17:46:14'),
(95, 4, 29, 0, 'Update paid ads report', '', 11, 11, '2024-05-06 16:23:51', 0, '2024-05-06 16:24:17', '2024-05-06 16:24:17', '2024-05-06 17:17:17', '2024-05-06 15:48:11', '2024-05-06 17:48:11'),
(96, 4, 26, 0, 'EDIT PHOTO OF SCENES IN OBS', '', 5, 5, '2024-05-07 08:23:40', 0, '2024-05-07 09:04:06', '0000-00-00 00:00:00', '2024-05-07 11:09:18', '2024-05-07 09:49:02', '2024-05-07 11:49:02'),
(97, 4, 31, 0, 'FOLLOW UP', '', 22, 22, '2024-05-07 09:01:30', 0, '0000-00-00 00:00:00', '0000-00-00 00:00:00', '2024-05-07 09:25:19', '2024-05-07 08:58:11', '2024-05-07 10:30:00'),
(98, 4, 61, 0, 'Figure out How OBS work via 2 person', '', 5, 15, '2024-05-07 09:04:37', 0, '2024-05-08 08:46:10', '0000-00-00 00:00:00', '2024-05-10 13:02:28', '2024-05-08 08:03:57', '2024-05-08 10:03:57'),
(99, 4, 32, 9, 'Requesting keyboard', '', 46, 15, '2024-05-07 09:21:57', 0, '2024-05-07 09:32:40', '2024-05-07 09:32:54', '2024-05-07 10:03:30', '2024-05-07 09:20:44', '2024-05-07 11:20:44'),
(100, 4, 18, 10, 'SEt up PC', '', 46, 15, '2024-05-07 09:31:24', 0, '2024-05-07 09:32:40', '2024-05-07 09:32:46', '2024-05-07 10:03:21', '2024-05-07 09:20:44', '2024-05-07 11:20:44'),
(102, 4, 26, 0, 'Photoshop the Photo of Maam Jhadee', '', 5, 5, '2024-05-07 09:41:16', 0, '2024-05-07 09:43:37', '2024-05-07 09:47:13', '2024-05-07 11:06:33', '2024-05-07 09:40:16', '2024-05-07 11:40:16'),
(103, 4, 26, 0, 'Edit New Car Group photo for Live Q&A', '', 5, 5, '2024-05-07 09:41:50', 0, '2024-05-07 09:42:07', '0000-00-00 00:00:00', '2024-05-07 11:06:44', '2024-05-07 09:40:16', '2024-05-07 11:40:16'),
(104, 4, 30, 0, 'Check All Social Media Accounts (TIKTOK, FACEBOOK, LINKENDIN, INSTAGRAM, TIKTOK)', '', 5, 5, '2024-05-07 09:45:06', 0, '0000-00-00 00:00:00', '0000-00-00 00:00:00', '2024-05-07 09:45:15', '2024-05-07 09:44:12', '2024-05-07 11:44:11'),
(105, 4, 47, 0, 'Training Ma', '', 55, 55, '2024-05-07 10:00:29', 0, '0000-00-00 00:00:00', '0000-00-00 00:00:00', '2024-05-09 11:24:05', '2024-05-07 09:59:24', '2024-05-07 11:59:24'),
(106, 4, 36, 0, 'Grocery', '', 15, 15, '2024-05-07 10:14:52', 0, '2024-05-07 10:14:56', '2024-05-07 10:15:01', '2024-05-07 10:47:05', '2024-05-07 10:14:29', '2024-05-07 12:14:28'),
(107, 4, 26, 0, 'Copywriter', '', 22, 22, '2024-05-07 10:25:52', 0, '0000-00-00 00:00:00', '0000-00-00 00:00:00', '2024-05-08 14:12:58', '2024-05-07 08:30:00', '2024-05-07 11:47:51'),
(108, 4, 5, 0, 'Update Vigattin QB Sync API', '', 23, 23, '2024-05-07 10:52:56', 0, '2024-05-07 10:53:07', '2024-05-07 10:53:15', '2024-05-07 14:07:46', '2024-05-07 10:51:50', '2024-05-07 12:51:49'),
(111, 4, 7, 0, 'Change the form of creating ticket', '', 15, 15, '2024-05-07 11:01:29', 0, '2024-05-07 11:02:32', '2024-05-07 11:02:38', '2024-05-07 11:34:43', '2024-05-07 11:01:36', '2024-05-07 13:01:36'),
(112, 4, 19, 0, 'Sir Paul Paki babaa po ung Webcam dito sa 5th floor thank you', '', 5, 5, '2024-05-07 11:06:22', 0, '2024-05-07 11:12:54', '2024-05-07 11:13:01', '2024-05-07 11:13:09', '2024-05-07 09:49:02', '2024-05-07 11:49:02'),
(113, 1, 70, 0, 'need more info AUTOMATIC DRIVE INTO WEBSITE QOUTATION', '', 46, 46, '2024-05-07 11:22:59', 0, '2024-05-16 17:38:13', '0000-00-00 00:00:00', '0000-00-00 00:00:00', '2024-05-16 17:36:41', '2024-05-16 19:36:40'),
(114, 4, 4, 0, 'Fix update/edit of job when edit', '', 15, 15, '2024-05-07 11:38:25', 0, '2024-05-07 13:56:53', '2024-05-07 13:57:12', '2024-05-07 15:28:35', '2024-05-07 11:38:25', '2024-05-07 13:38:24'),
(115, 2, 39, 0, 'complete webiste site  SEO structure meta tags', '', 23, 23, '2024-05-07 11:48:31', 0, '2024-05-07 11:49:29', '0000-00-00 00:00:00', '0000-00-00 00:00:00', '2024-05-07 11:47:25', '2024-05-15 13:47:25'),
(116, 4, 26, 0, 'Paul tingan mo to camera sa OBS', '', 5, 5, '2024-05-07 13:17:40', 0, '2024-05-07 13:56:53', '2024-05-07 13:57:02', '2024-05-07 15:28:24', '2024-05-07 13:16:57', '2024-05-07 15:16:57'),
(117, 4, 18, 0, 'Set up mam Rhens pc', '', 15, 15, '2024-05-07 14:08:22', 0, '2024-05-08 09:55:11', '2024-05-08 09:55:21', '2024-05-08 11:47:29', '2024-05-08 08:30:59', '2024-05-08 10:30:59'),
(118, 4, 34, 0, 'Meeting with the boss', '', 5, 5, '2024-05-08 08:09:35', 0, '0000-00-00 00:00:00', '0000-00-00 00:00:00', '2024-05-08 13:13:07', '2024-05-07 13:09:10', '2024-05-07 15:09:10'),
(119, 4, 26, 11, 'Install OBS teleport mam there pc ', '', 15, 15, '2024-05-08 08:49:38', 0, '2024-05-08 08:50:44', '2024-05-08 08:50:50', '2024-05-09 08:50:23', '2024-05-08 08:48:12', '2024-05-08 10:48:12'),
(120, 4, 41, 0, 'COMPILATION', '', 22, 22, '2024-05-08 09:48:51', 0, '0000-00-00 00:00:00', '0000-00-00 00:00:00', '2024-05-08 14:02:57', '2024-05-08 09:47:51', '2024-05-08 11:47:51'),
(121, 4, 65, 0, 'BILLBOARD LAYOUT WITH REFERENCE NUMBER', '', 22, 11, '2024-05-08 09:55:57', 0, '2024-05-08 11:42:08', '0000-00-00 00:00:00', '2024-05-15 13:36:22', '2024-05-08 09:47:51', '2024-05-08 11:47:51'),
(122, 4, 42, 0, 'Script writing and story board', '', 11, 11, '2024-05-08 11:19:19', 0, '2024-05-08 13:11:54', '0000-00-00 00:00:00', '2024-05-15 13:35:35', '2024-05-08 11:18:49', '2024-05-08 13:18:49'),
(123, 4, 43, 0, 'Black ink didn\'t work properly', '', 15, 15, '2024-05-08 11:46:08', 0, '2024-05-08 11:46:29', '2024-05-08 11:46:36', '2024-05-09 08:50:31', '2024-05-08 11:20:36', '2024-05-08 13:20:36'),
(124, 4, 26, 0, 'OBS Studio ', '', 5, 5, '2024-05-08 13:21:39', 0, '0000-00-00 00:00:00', '0000-00-00 00:00:00', '2024-05-09 08:28:33', '2024-05-08 13:20:39', '2024-05-08 15:20:39'),
(125, 4, 26, 0, 'Set Up Live Q&A equipment\'s and Studio', '', 5, 15, '2024-05-08 13:24:04', 0, '0000-00-00 00:00:00', '0000-00-00 00:00:00', '2024-05-09 08:51:08', '2024-05-08 13:20:39', '2024-05-08 15:20:39'),
(126, 4, 24, 0, 'cannot view quotation generated by renewal', '', 23, 23, '2024-05-08 13:49:19', 0, '2024-05-08 13:59:40', '2024-05-08 13:59:57', '2024-05-08 14:00:14', '2024-05-08 13:48:07', '2024-05-08 15:48:07'),
(127, 4, 24, 0, 'view writing details under agent', '', 23, 23, '2024-05-08 13:49:49', 0, '2024-05-08 16:01:12', '2024-05-08 16:01:26', '2024-05-09 12:01:35', '2024-05-08 16:00:06', '2024-05-08 18:00:06'),
(128, 4, 24, 0, 'Joblist did not appear and add new job didn\'t show custom job', '', 15, 15, '2024-05-08 16:33:21', 0, '2024-05-14 14:34:59', '2024-05-14 14:35:26', '2024-05-14 14:36:29', '2024-05-09 13:50:49', '2024-05-09 15:50:49'),
(129, 4, 1, 0, 'TILE KEYBOARD NOT WORKING', 'Waley na kong spare', 46, 15, '2024-05-09 10:20:48', 0, '2024-05-14 16:38:54', '2024-05-14 16:42:21', '2024-05-14 16:43:00', '2024-05-09 10:18:32', '2024-05-09 12:18:31'),
(130, 4, 24, 0, 'fix jade renewal not showing', '', 23, 23, '2024-05-09 10:23:55', 0, '2024-05-09 12:01:35', '2024-05-09 12:01:50', '2024-05-09 12:02:07', '2024-05-09 10:23:03', '2024-05-09 12:23:02'),
(131, 4, 24, 0, 'fix agent qr code in monitoring', '', 23, 23, '2024-05-09 10:24:37', 0, '2024-05-09 13:35:24', '2024-05-09 13:35:24', '2024-05-09 13:35:40', '2024-05-09 10:23:03', '2024-05-09 12:23:02'),
(132, 4, 47, 2, 'pull jirattin', '', 23, 23, '2024-05-09 10:25:50', 0, '2024-05-09 10:33:19', '2024-05-09 10:55:12', '2024-05-09 10:55:27', '2024-05-09 10:23:03', '2024-05-09 12:23:02'),
(133, 4, 4, 0, 'Fix add new job and subjob the new field did not work', '', 15, 15, '2024-05-09 11:14:27', 0, '2024-05-09 11:14:34', '2024-05-09 11:14:41', '2024-05-14 14:36:38', '2024-05-09 11:14:01', '2024-05-09 13:14:01'),
(135, 4, 7, 0, 'VERIFY EMAIL : FOR CC PAYMENT : EMAIL : princessannemanalac@gmail.com', '', 39, 23, '2024-05-09 13:42:21', 0, '2024-05-09 13:53:53', '2024-05-09 13:54:07', '2024-05-09 13:54:17', '2024-05-09 13:42:03', '2024-05-09 15:42:03'),
(136, 3, 7, 0, 'ADMIN PANEL : RENEWALS TAB : ADDITIONAL PORTION FOR REASON OF NOT RENEWED NOTE', '', 39, 23, '2024-05-09 16:31:15', 0, '2024-05-14 17:15:35', '2024-05-14 17:15:44', '0000-00-00 00:00:00', '2024-05-09 16:29:27', '2024-06-30 18:29:26'),
(137, 1, 58, 0, 'Geer Solution CA & LOANS encode at Geer', '', 63, 55, '2024-05-10 10:48:28', 0, '2024-05-14 16:38:54', '0000-00-00 00:00:00', '0000-00-00 00:00:00', '2024-05-10 10:46:49', '2024-05-10 12:46:49'),
(138, 4, 51, 0, 'Geer Solution CA & LOANS encode at Geer', '', 63, 63, '2024-05-10 10:50:26', 0, '2024-05-10 11:00:02', '0000-00-00 00:00:00', '2024-05-14 09:24:56', '2024-05-10 10:49:58', '2024-05-10 17:00:58'),
(139, 4, 59, 0, 'COE for Vigattin Agents request', '', 63, 63, '2024-05-10 11:03:11', 0, '2024-05-10 11:11:00', '0000-00-00 00:00:00', '2024-05-10 11:24:39', '2024-05-10 10:50:48', '2024-05-10 12:50:48'),
(140, 4, 60, 0, 'Update Masterlist at GD (Position, Salary, Geer Account)', '', 63, 63, '2024-05-10 11:04:15', 0, '2024-05-10 11:11:16', '0000-00-00 00:00:00', '2024-05-14 09:24:46', '2024-05-10 11:03:18', '2024-05-10 13:03:18'),
(141, 4, 19, 0, 'Pickup webcam on SM north', '', 15, 15, '2024-05-10 13:06:04', 0, '2024-05-14 14:35:37', '2024-05-14 14:35:55', '2024-05-14 14:36:17', '2024-05-10 11:43:50', '2024-05-10 13:43:50'),
(142, 6, 24, 0, '2 CLIENTS SHARING 1 REF NO. Name:BartMB Reference No. 2174563/ Name: Jabi Aguinaldo Reference No. 2174563', '', 46, 15, '2024-05-11 16:16:44', 0, '2024-05-15 11:12:20', '0000-00-00 00:00:00', '0000-00-00 00:00:00', '2024-05-11 16:07:17', '2024-05-13 18:07:17'),
(143, 4, 30, 0, 'Check Social Media Accounts (Tiktok, Facebook, Twitter, Linkendin, Instagram)', '', 5, 5, '2024-05-13 10:27:55', 0, '0000-00-00 00:00:00', '0000-00-00 00:00:00', '2024-05-13 10:29:54', '2024-05-13 10:27:37', '2024-05-13 12:27:37'),
(144, 4, 44, 0, 'Post Monday Motivational Quotes', '', 5, 5, '2024-05-13 10:29:45', 0, '0000-00-00 00:00:00', '0000-00-00 00:00:00', '2024-05-13 10:30:01', '2024-05-13 10:27:37', '2024-05-13 12:27:37'),
(145, 4, 44, 0, 'Post Rotary Photos', '', 5, 5, '2024-05-13 10:32:31', 0, '0000-00-00 00:00:00', '0000-00-00 00:00:00', '2024-05-13 10:32:52', '2024-05-13 10:30:44', '2024-05-13 12:30:44'),
(146, 1, 40, 0, 'remove function loadReference_no()  must use session quotation_id to display reference no', '', 23, 58, '2024-05-13 18:49:25', 0, '0000-00-00 00:00:00', '0000-00-00 00:00:00', '0000-00-00 00:00:00', '2024-05-13 18:47:04', '2024-05-15 20:47:04'),
(147, 1, 40, 0, 'fix multiple form submission when saving quote', '', 23, 58, '2024-05-13 18:51:33', 0, '0000-00-00 00:00:00', '0000-00-00 00:00:00', '0000-00-00 00:00:00', '2024-05-15 18:47:04', '2024-05-16 20:47:04'),
(148, 4, 40, 0, 'remove view_fire_insurance_list() and all traces, this must be accessible only to backend', '', 23, 58, '2024-05-13 18:52:53', 0, '0000-00-00 00:00:00', '0000-00-00 00:00:00', '2024-05-14 10:32:06', '2024-05-14 18:47:04', '2024-05-15 20:47:04'),
(149, 4, 5, 0, 'Fix cancellation date not captuting all qb data', '', 23, 23, '2024-05-13 19:03:58', 0, '2024-05-13 19:04:05', '2024-05-13 19:04:05', '2024-05-13 19:04:19', '2024-05-13 19:03:18', '2024-05-13 21:03:18'),
(150, 4, 30, 0, 'Check All Social Media Accounts (Facebook,Linkedin,Tiktok,Instagram,Twitter)', '', 5, 5, '2024-05-14 08:31:22', 0, '0000-00-00 00:00:00', '0000-00-00 00:00:00', '2024-05-14 08:31:30', '2024-05-14 08:30:16', '2024-05-14 10:30:16'),
(152, 4, 7, 0, 'Add note in form', '', 15, 15, '2024-05-14 09:57:59', 0, '2024-05-14 09:58:48', '2024-05-14 09:58:57', '2024-05-14 16:42:50', '2024-05-14 09:45:57', '2024-05-14 11:45:57'),
(153, 4, 1, 0, 'not enough ram po', '', 11, 15, '2024-05-14 11:33:14', 0, '2024-05-14 14:34:59', '2024-05-14 14:35:07', '2024-05-14 14:35:13', '2024-05-14 11:32:04', '2024-05-14 13:32:04'),
(154, 4, 42, 0, 'Script Writing ', '', 5, 5, '2024-05-14 14:37:03', 0, '0000-00-00 00:00:00', '0000-00-00 00:00:00', '2024-05-14 14:40:44', '2024-05-14 14:36:48', '2024-05-14 16:36:48'),
(155, 4, 42, 0, 'Graphics Design', '', 5, 5, '2024-05-14 14:37:19', 0, '0000-00-00 00:00:00', '0000-00-00 00:00:00', '2024-05-14 14:40:37', '2024-05-14 14:36:48', '2024-05-14 16:36:48'),
(156, 4, 42, 0, 'Social Media Posting', '', 5, 5, '2024-05-14 14:37:33', 0, '0000-00-00 00:00:00', '0000-00-00 00:00:00', '2024-05-14 14:40:30', '2024-05-14 14:36:48', '2024-05-14 16:36:48'),
(157, 4, 44, 0, 'Resize Tent', '', 5, 5, '2024-05-14 14:37:54', 0, '0000-00-00 00:00:00', '0000-00-00 00:00:00', '2024-05-14 14:40:20', '2024-05-14 14:36:48', '2024-05-14 16:36:48'),
(158, 4, 44, 0, 'Send the Tent Layout to Largeformatix', '', 5, 5, '2024-05-14 14:38:26', 0, '0000-00-00 00:00:00', '0000-00-00 00:00:00', '2024-05-14 14:40:12', '2024-05-14 14:36:48', '2024-05-14 16:36:48'),
(159, 4, 62, 0, 'Meeting With sir JM& maam There About Surge', '', 5, 5, '2024-05-14 14:38:51', 0, '0000-00-00 00:00:00', '0000-00-00 00:00:00', '2024-05-14 14:40:05', '2024-05-14 14:36:48', '2024-05-14 16:36:48'),
(160, 4, 65, 0, 'Collecting/Creating Idea for Product Advertising', '', 5, 5, '2024-05-14 14:39:48', 0, '2024-05-14 14:49:30', '0000-00-00 00:00:00', '2024-05-14 16:56:50', '2024-05-14 14:36:48', '2024-05-14 16:36:48'),
(161, 4, 7, 0, 'Add note and show the note', 'Testing note', 15, 15, '2024-05-14 15:12:30', 0, '2024-05-14 16:20:38', '2024-05-14 16:21:03', '2024-05-14 16:42:41', '2024-05-14 15:12:40', '2024-05-14 17:12:40'),
(162, 4, 24, 0, 'update claims system and install', '', 23, 23, '2024-05-14 16:10:52', 0, '2024-05-14 16:11:16', '0000-00-00 00:00:00', '2024-05-14 16:11:26', '2024-05-14 16:09:58', '2024-05-14 18:09:58'),
(163, 4, 7, 0, 'change test account number to antz', '', 23, 23, '2024-05-14 16:12:42', 0, '2024-05-14 16:12:58', '2024-05-14 16:13:09', '2024-05-14 17:09:17', '2024-05-14 16:12:13', '2024-05-14 18:12:13'),
(164, 4, 7, 0, 'Pull jirattin', '', 15, 23, '2024-05-14 16:43:08', 0, '2024-05-14 17:02:28', '2024-05-14 17:02:28', '2024-05-14 17:09:32', '2024-05-14 16:42:48', '2024-05-14 18:42:48'),
(165, 4, 46, 0, 'tag written to partner', '', 23, 23, '2024-05-14 17:15:28', 0, '2024-05-16 15:40:42', '2024-05-16 15:45:50', '2024-05-16 15:45:57', '2024-05-14 17:13:20', '2024-05-14 19:13:20'),
(166, 4, 63, 0, 'Check Social Media Account (Tiktok, Instagram, Twitter, Linkedin, Facebook Page)', '', 5, 5, '2024-05-15 08:17:37', 0, '0000-00-00 00:00:00', '0000-00-00 00:00:00', '2024-05-15 09:16:00', '2024-05-15 08:15:27', '2024-05-15 10:15:27'),
(167, 4, 42, 0, 'Screen Recording for content Instant Quote With Us', '', 5, 5, '2024-05-15 08:19:09', 0, '2024-05-15 09:16:06', '0000-00-00 00:00:00', '2024-05-15 11:08:39', '2024-05-15 08:15:27', '2024-05-15 10:15:27'),
(168, 4, 7, 0, 'Change the task and note to dynamic rows', '', 15, 15, '2024-05-15 09:25:49', 0, '2024-05-15 09:26:48', '2024-05-15 09:26:48', '2024-05-15 15:11:57', '2024-05-15 09:25:54', '2024-05-15 11:25:54'),
(169, 4, 62, 0, 'Meeting with HR,Sales team and Marketing for upcoming Kapehan event and Anniv', '', 5, 5, '2024-05-15 11:08:28', 0, '0000-00-00 00:00:00', '0000-00-00 00:00:00', '2024-05-15 11:11:07', '2024-05-15 11:08:14', '2024-05-15 13:08:14'),
(170, 4, 7, 0, 'Remove the option buttons if the status of ticket is done, abandoned and declined', '', 15, 15, '2024-05-15 11:28:37', 0, '2024-05-15 11:30:51', '2024-05-15 11:32:37', '2024-05-15 15:11:43', '2024-05-15 11:27:57', '2024-05-15 13:27:57'),
(171, 4, 7, 0, 'Fix the display of myassign.php the data and the table not accurate in display', '', 15, 15, '2024-05-15 11:29:46', 0, '2024-05-15 11:30:51', '2024-05-15 11:32:30', '2024-05-15 14:11:05', '2024-05-15 11:29:18', '2024-05-15 13:29:17'),
(172, 4, 24, 0, 'Fix the window.location of myassign., the ticket did not show', '', 15, 15, '2024-05-15 11:36:18', 0, '2024-05-15 11:38:51', '2024-05-15 11:55:24', '2024-05-15 14:10:42', '2024-05-15 11:54:08', '2024-05-15 13:31:08'),
(173, 4, 4, 0, 'Fix the add new ticket after edit', '', 15, 15, '2024-05-15 11:35:41', 0, '2024-05-15 13:54:29', '2024-05-15 13:54:45', '2024-05-15 14:10:33', '2024-05-15 13:53:40', '2024-05-15 15:53:39'),
(174, 4, 42, 0, 'Graphics/Layout Design', '', 5, 5, '2024-05-15 11:46:03', 0, '2024-05-15 13:07:41', '2024-05-15 13:07:50', '2024-05-15 14:10:21', '2024-05-15 11:45:54', '2024-05-15 13:45:54'),
(178, 4, 42, 0, 'Script Writing', '', 5, 5, '2024-05-15 13:07:33', 0, '0000-00-00 00:00:00', '0000-00-00 00:00:00', '2024-05-15 13:07:41', '2024-05-15 13:06:09', '2024-05-15 15:06:09'),
(179, 4, 66, 0, 'Create a promotional memo for May 2024 - Waived deductible', '', 11, 11, '2024-05-15 14:52:56', 0, '0000-00-00 00:00:00', '0000-00-00 00:00:00', '2024-05-15 14:53:05', '2024-05-15 14:46:18', '2024-05-15 16:46:17'),
(180, 4, 7, 0, 'Pull jirattin to update new changes', '', 15, 23, '2024-05-15 15:36:52', 0, '2024-05-16 14:06:54', '0000-00-00 00:00:00', '2024-05-16 15:43:12', '2024-05-15 15:42:54', '2024-05-15 17:42:54'),
(181, 4, 65, 0, 'Schedule posting of client testimonials', '', 11, 5, '2024-05-15 17:13:06', 0, '2024-05-17 10:18:01', '2024-05-17 10:19:55', '2024-05-17 10:20:13', '2024-05-17 10:16:35', '2024-05-17 12:16:35'),
(182, 4, 42, 0, 'Script Writing voice over for online Quote', '', 5, 5, '2024-05-16 08:39:24', 0, '2024-05-17 10:18:01', '2024-05-17 10:21:13', '2024-05-17 13:28:06', '2024-05-17 10:16:35', '2024-05-17 12:16:35'),
(183, 3, 7, 0, ' Vouchers must not be downloadable until the policy is written. pa send reference no', '', 11, 23, '2024-05-16 09:29:38', 0, '2024-05-17 09:28:12', '2024-05-17 09:53:44', '0000-00-00 00:00:00', '2024-05-16 14:58:26', '2024-05-16 16:58:26'),
(184, 4, 7, 0, 'add email account ni sir beejay.\r\nbtinio@puicinsurance.com - pacific union', '', 34, 23, '2024-05-16 14:46:51', 0, '2024-05-16 17:10:50', '2024-05-16 17:24:55', '2024-05-16 17:25:38', '2024-05-16 14:45:04', '2024-05-16 16:45:04'),
(185, 4, 7, 0, 'add birtday and mvfile no', '', 23, 23, '2024-05-16 15:28:44', 0, '2024-05-16 17:10:50', '2024-05-16 17:11:03', '2024-05-16 17:11:11', '2024-05-16 17:07:47', '2024-05-16 19:07:47'),
(186, 4, 4, 0, 'no rc setting found\r\nassured name: REBECCA M. MEER ', '', 34, 23, '2024-05-16 15:46:43', 0, '2024-05-16 17:10:50', '2024-05-16 17:24:45', '2024-05-16 17:25:19', '2024-05-16 15:44:49', '2024-05-16 17:44:49'),
(187, 4, 7, 0, 'add upload endorsement and preview it', '', 23, 23, '2024-05-16 18:56:24', 0, '2024-05-16 18:56:44', '2024-05-16 18:56:44', '2024-05-16 18:56:57', '2024-05-16 18:55:52', '2024-05-16 20:55:52'),
(188, 4, 73, 0, 'Canvas new pc 10 pcs for new clients', '', 15, 15, '2024-05-17 09:27:21', 1716191153, '2024-05-17 13:08:26', '2024-05-17 13:37:28', '2024-05-20 15:45:53', '2024-05-17 11:28:28', '2024-05-17 13:28:28'),
(189, 4, 42, 0, 'Graphics/Layout Did you know? content', '', 5, 5, '2024-05-17 10:23:53', 0, '0000-00-00 00:00:00', '0000-00-00 00:00:00', '2024-05-17 10:24:15', '2024-05-16 10:22:50', '2024-05-17 12:22:50'),
(190, 4, 7, 0, 'Add function last modified', '', 15, 15, '2024-05-17 10:57:50', 1715915349, '2024-05-17 09:28:12', '2024-05-17 11:08:15', '2024-05-17 11:09:09', '2024-05-17 10:58:14', '2024-05-17 12:58:14'),
(191, 4, 42, 0, ' Peugeot Marilao Logo,watermark, Coverphoto', '', 5, 5, '2024-05-17 11:10:59', 0, '2024-05-17 10:18:01', '2024-05-17 11:11:09', '2024-05-17 11:58:29', '2024-05-17 11:10:10', '2024-05-17 13:10:10'),
(192, 4, 63, 0, 'Check Social Media Account (Tiktok, Instagram, Twitter, Linkedin, Facebook Page)', '', 5, 5, '2024-05-17 13:28:36', 0, '2024-05-18 10:42:49', '0000-00-00 00:00:00', '2024-05-18 10:43:04', '2024-05-18 10:41:48', '2024-05-18 12:41:47'),
(193, 4, 74, 0, 'After add new custom job, it will save iin database but the department_id is 0 not the department of the assigned employee', '', 15, 15, '2024-05-17 13:46:36', 1715928940, '2024-05-17 13:08:26', '2024-05-17 13:47:56', '2024-05-17 14:55:40', '2024-05-17 13:46:21', '2024-05-17 15:46:21'),
(194, 5, 71, 0, 'Pa pull po jirattin', '', 15, 23, '2024-05-17 15:09:35', 0, '2024-05-17 15:21:22', '0000-00-00 00:00:00', '0000-00-00 00:00:00', '2024-05-17 14:58:21', '2024-05-17 16:58:21'),
(195, 3, 71, 0, 'follow ticket tab', '', 23, 15, '2024-05-17 15:22:27', 1716190042, '2024-05-20 15:27:13', '2024-05-20 15:27:22', '0000-00-00 00:00:00', '2024-05-17 15:21:51', '2024-05-17 17:21:51'),
(196, 4, 75, 0, 'Fix scanner connection', '', 40, 15, '2024-05-18 09:40:35', 1716168006, '2024-05-18 09:40:57', '2024-05-18 09:40:57', '2024-05-20 09:20:06', '2024-05-18 09:39:59', '2024-05-18 11:39:59'),
(197, 4, 72, 0, 'Post in all Social media account our new reels', '', 5, 5, '2024-05-18 10:45:44', 0, '0000-00-00 00:00:00', '0000-00-00 00:00:00', '2024-05-18 10:45:54', '2024-05-18 10:43:13', '2024-05-18 12:43:13'),
(198, 4, 7, 0, 'Change the date of accomplishments depends on day of done instead of date created', '', 15, 15, '2024-05-20 09:30:29', 1716174138, '2024-05-20 09:20:06', '2024-05-20 09:31:18', '2024-05-20 11:02:18', '2024-05-20 09:30:27', '2024-05-20 11:30:27'),
(199, 4, 63, 0, 'Check Social Media Account (Tiktok, Instagram, Twitter, Linkedin, Facebook Page)', '', 5, 5, '2024-05-20 13:18:18', 0, '0000-00-00 00:00:00', '0000-00-00 00:00:00', '2024-05-20 16:14:41', '2024-05-20 13:16:52', '2024-05-20 15:16:52'),
(200, 4, 1, 0, 'Reformat pc team eman', '', 15, 15, '2024-05-20 14:30:44', 1716191140, '2024-05-20 14:30:50', '2024-05-20 14:30:50', '2024-05-20 15:45:40', '2024-05-20 14:30:18', '2024-05-20 16:30:18');

-- --------------------------------------------------------

--
-- Table structure for table `tblticket_status`
--

CREATE TABLE `tblticket_status` (
  `ticketstatus_id` int NOT NULL,
  `ticketstatus` varchar(45) COLLATE utf8mb4_general_ci NOT NULL
) ENGINE=InnoDB DEFAULT CHARSET=utf8mb4 COLLATE=utf8mb4_general_ci;

--
-- Dumping data for table `tblticket_status`
--

INSERT INTO `tblticket_status` (`ticketstatus_id`, `ticketstatus`) VALUES
(1, 'Open'),
(2, 'ToDo'),
(3, 'In Progress'),
(4, 'Done'),
(5, 'Waiting'),
(6, 'Abandoned'),
(7, 'Declined');

-- --------------------------------------------------------

--
-- Table structure for table `tbluser_level`
--

CREATE TABLE `tbluser_level` (
  `userlevel_id` int NOT NULL,
  `user_level` varchar(45) COLLATE utf8mb4_general_ci NOT NULL
) ENGINE=InnoDB DEFAULT CHARSET=utf8mb4 COLLATE=utf8mb4_general_ci;

--
-- Dumping data for table `tbluser_level`
--

INSERT INTO `tbluser_level` (`userlevel_id`, `user_level`) VALUES
(1, 'Superadmin'),
(2, 'Admin'),
(3, 'Employee');

--
-- Indexes for dumped tables
--

--
-- Indexes for table `tbldepartment`
--
ALTER TABLE `tbldepartment`
  ADD PRIMARY KEY (`department_id`);

--
-- Indexes for table `tblemployee`
--
ALTER TABLE `tblemployee`
  ADD PRIMARY KEY (`employee_id`),
  ADD KEY `constraintdepartment` (`department_id`);

--
-- Indexes for table `tbljob`
--
ALTER TABLE `tbljob`
  ADD PRIMARY KEY (`job_id`);

--
-- Indexes for table `tblsub_job`
--
ALTER TABLE `tblsub_job`
  ADD PRIMARY KEY (`subjob_id`);

--
-- Indexes for table `tblticket`
--
ALTER TABLE `tblticket`
  ADD PRIMARY KEY (`ticket_id`);

--
-- Indexes for table `tblticket_status`
--
ALTER TABLE `tblticket_status`
  ADD PRIMARY KEY (`ticketstatus_id`);

--
-- Indexes for table `tbluser_level`
--
ALTER TABLE `tbluser_level`
  ADD PRIMARY KEY (`userlevel_id`);

--
-- AUTO_INCREMENT for dumped tables
--

--
-- AUTO_INCREMENT for table `tbldepartment`
--
ALTER TABLE `tbldepartment`
  MODIFY `department_id` int NOT NULL AUTO_INCREMENT, AUTO_INCREMENT=16;

--
-- AUTO_INCREMENT for table `tblemployee`
--
ALTER TABLE `tblemployee`
  MODIFY `employee_id` int NOT NULL AUTO_INCREMENT, AUTO_INCREMENT=65;

--
-- AUTO_INCREMENT for table `tbljob`
--
ALTER TABLE `tbljob`
  MODIFY `job_id` int NOT NULL AUTO_INCREMENT, AUTO_INCREMENT=76;

--
-- AUTO_INCREMENT for table `tblsub_job`
--
ALTER TABLE `tblsub_job`
  MODIFY `subjob_id` int NOT NULL AUTO_INCREMENT, AUTO_INCREMENT=16;

--
-- AUTO_INCREMENT for table `tblticket`
--
ALTER TABLE `tblticket`
  MODIFY `ticket_id` int NOT NULL AUTO_INCREMENT, AUTO_INCREMENT=201;

--
-- AUTO_INCREMENT for table `tblticket_status`
--
ALTER TABLE `tblticket_status`
  MODIFY `ticketstatus_id` int NOT NULL AUTO_INCREMENT, AUTO_INCREMENT=9;

--
-- AUTO_INCREMENT for table `tbluser_level`
--
ALTER TABLE `tbluser_level`
  MODIFY `userlevel_id` int NOT NULL AUTO_INCREMENT, AUTO_INCREMENT=4;

--
-- Constraints for dumped tables
--

--
-- Constraints for table `tblemployee`
--
ALTER TABLE `tblemployee`
  ADD CONSTRAINT `constraintdepartment` FOREIGN KEY (`department_id`) REFERENCES `tbldepartment` (`department_id`);
COMMIT;

/*!40101 SET CHARACTER_SET_CLIENT=@OLD_CHARACTER_SET_CLIENT */;
/*!40101 SET CHARACTER_SET_RESULTS=@OLD_CHARACTER_SET_RESULTS */;
/*!40101 SET COLLATION_CONNECTION=@OLD_COLLATION_CONNECTION */;
